-- phpMyAdmin SQL Dump
-- version 5.0.1
-- https://www.phpmyadmin.net/
--
-- Host: 127.0.0.1
-- Generation Time: Apr 09, 2020 at 04:41 PM
-- Server version: 10.4.11-MariaDB
-- PHP Version: 7.4.1

SET SQL_MODE = "NO_AUTO_VALUE_ON_ZERO";
SET AUTOCOMMIT = 0;
START TRANSACTION;
SET time_zone = "+00:00";


/*!40101 SET @OLD_CHARACTER_SET_CLIENT=@@CHARACTER_SET_CLIENT */;
/*!40101 SET @OLD_CHARACTER_SET_RESULTS=@@CHARACTER_SET_RESULTS */;
/*!40101 SET @OLD_COLLATION_CONNECTION=@@COLLATION_CONNECTION */;
/*!40101 SET NAMES utf8mb4 */;

--
-- Database: `expedition`
--
DROP TABLE IF EXISTS `pesanans`;
CREATE DATABASE IF NOT EXISTS `expedition` DEFAULT CHARACTER SET utf8mb4 COLLATE utf8mb4_general_ci;
USE `expedition`;

-- --------------------------------------------------------

--
-- Table structure for table `bon_muats`
--

DROP TABLE IF EXISTS `bon_muats`;
CREATE TABLE `bon_muats` (
  `id` varchar(15) NOT NULL,
  `kendaraan_id` varchar(8) NOT NULL,
  `kurir_non_customer_id` varchar(8) NOT NULL,
  `total_muatan` decimal(5,1) NOT NULL DEFAULT 0.0,
  `kantor_asal_id` varchar(8) NOT NULL,
  `kantor_tujuan_id` varchar(8) NOT NULL,
  `user_created` varchar(8) NOT NULL,
  `user_updated` varchar(8) NOT NULL,
  `created_at` datetime NOT NULL,
  `updated_at` datetime NOT NULL,
  `is_deleted` tinyint(1) NOT NULL DEFAULT 0,
  `waktu_berangkat` datetime DEFAULT NULL,
  `waktu_sampai` datetime DEFAULT NULL
) ENGINE=InnoDB DEFAULT CHARSET=utf8mb4;

-- --------------------------------------------------------

--
-- Table structure for table `d_pengiriman_customers`
--

DROP TABLE IF EXISTS `d_pengiriman_customers`;
CREATE TABLE `d_pengiriman_customers` (
  `resi_id` varchar(15) NOT NULL,
  `pengiriman_customer_id` varchar(15) NOT NULL,
  `telah_sampai` tinyint(1) NOT NULL DEFAULT 0,
  `created_at` datetime NOT NULL,
  `updated_at` datetime NOT NULL,
  `is_deleted` tinyint(1) NOT NULL DEFAULT 0,
  `user_created` varchar(8) NOT NULL,
  `user_updated` varchar(8) NOT NULL DEFAULT 'Default',
  `password` varchar(4) DEFAULT NULL,
  `waktu_sampai_cust` datetime DEFAULT NULL,
  `is_canceled` tinyint(1) DEFAULT NULL
) ENGINE=InnoDB DEFAULT CHARSET=utf8mb4;

-- --------------------------------------------------------

--
-- Table structure for table `kantors`
--

DROP TABLE IF EXISTS `kantors`;
CREATE TABLE `kantors` (
  `id` varchar(8) NOT NULL,
  `alamat` varchar(1024) NOT NULL,
  `no_telp` varchar(12) NOT NULL,
  `kota` varchar(255) NOT NULL,
  `is_warehouse` tinyint(1) NOT NULL,
  `created_at` datetime NOT NULL,
  `updated_at` datetime NOT NULL,
  `is_deleted` tinyint(1) NOT NULL DEFAULT 0,
  `longitude` decimal(8,5) NOT NULL,
  `latitude` decimal(8,5) NOT NULL,
  `user_created` varchar(8) NOT NULL,
  `user_updated` varchar(8) NOT NULL
) ENGINE=InnoDB DEFAULT CHARSET=utf8mb4;

--
-- Dumping data for table `kantors`
--

INSERT INTO `kantors` (`id`, `alamat`, `no_telp`, `kota`, `is_warehouse`, `created_at`, `updated_at`, `is_deleted`, `longitude`, `latitude`, `user_created`, `user_updated`) VALUES
('KA000000', 'JL. NGAGEL JAYA TENGAH NO.73-77', '081000000000', 'SURABAYA', 1, '2020-04-04 04:04:04', '2020-04-09 18:41:55', 0, '1.00000', '1.00000', 'PEADMIN', 'PEADMIN'),
('KA000001', 'JL. KEPANJEN NO.27', '087241286365', 'SURABAYA', 0, '2020-04-09 18:17:50', '2020-04-09 18:44:22', 0, '1.00000', '1.00000', 'PEADMIN', 'PEADMIN'),
('KA000002', 'JL. BRATANG GEDE NO. 35', '087212030123', 'SURABAYA', 0, '2020-04-09 18:18:25', '2020-04-09 18:44:16', 0, '1.00000', '1.00000', 'PEADMIN', 'PEADMIN'),
('KA000003', 'JL. SAN DIEGO NO. 75', '087812939812', 'SURABAYA', 0, '2020-04-09 18:19:00', '2020-04-09 18:44:09', 0, '1.00000', '1.00000', 'PEADMIN', 'PEADMIN'),
('KA000004', 'JL. KENJERAN NO.65', '087924725612', 'SURABAYA', 0, '2020-04-09 18:29:31', '2020-04-09 18:37:19', 0, '1.00000', '1.00000', 'PEADMIN', 'PEADMIN'),
('KA000005', 'JL. KAPAS KRAMPUNG NO. 73', '081725273921', 'SURABAYA', 0, '2020-04-09 18:30:14', '2020-04-09 18:37:24', 0, '1.00000', '1.00000', 'PEADMIN', 'PEADMIN'),
('KA000006', 'JL. SUMENEP NO. 86', '082171283674', 'SIDOARJO', 1, '2020-04-09 18:36:54', '2020-04-09 18:37:29', 0, '1.00000', '1.00000', 'PEADMIN', 'PEADMIN'),
('KA000007', 'JL. KERAMPUNG NO. 156', '082734638212', 'SIDOARJO', 0, '2020-04-09 18:38:07', '2020-04-09 18:38:07', 0, '1.00000', '1.00000', 'PEADMIN', 'PEADMIN'),
('KA000008', 'JL. MANUKAN NO. 84', '085165287643', 'SIDOARJO', 0, '2020-04-09 18:38:28', '2020-04-09 18:38:28', 0, '1.00000', '1.00000', 'PEADMIN', 'PEADMIN'),
('KA000009', 'JL. SIDOMULYO NO. 12', '089672627364', 'SIDOARJO', 0, '2020-04-09 18:38:58', '2020-04-09 18:38:58', 0, '1.00000', '1.00000', 'PEADMIN', 'PEADMIN'),
('KA000010', 'JL. PUCANG INDAH NO. 921', '081672635098', 'SIDOARJO', 0, '2020-04-09 18:39:27', '2020-04-09 18:39:27', 0, '1.00000', '1.00000', 'PEADMIN', 'PEADMIN'),
('KA000011', 'JL. MAJAPAHIT NO. 51', '087526453621', 'SIDOARJO', 0, '2020-04-09 18:40:12', '2020-04-09 18:40:12', 0, '1.00000', '1.00000', 'PEADMIN', 'PEADMIN'),
('KA000012', 'JL. SIDOMUNGKIR NO. 1', '08127361524', 'MALANG', 1, '2020-04-09 18:41:47', '2020-04-09 18:41:47', 0, '1.00000', '1.00000', 'PEADMIN', 'PEADMIN'),
('KA000013', 'JL. MALIBOKOR NO. 912', '08126423412', 'MALANG', 0, '2020-04-09 18:42:19', '2020-04-09 18:42:19', 0, '1.00000', '1.00000', 'PEADMIN', 'PEADMIN'),
('KA000014', 'JL. KALIJUDAN NO. 123', '08128367523', 'MALANG', 0, '2020-04-09 18:43:03', '2020-04-09 18:43:55', 0, '1.00000', '1.00000', 'PEADMIN', 'PEADMIN'),
('KA000015', 'JL. SANGGAR NO. 1', '08128542341', 'MALANG', 0, '2020-04-09 18:43:23', '2020-04-09 18:43:23', 0, '1.00000', '1.00000', 'PEADMIN', 'PEADMIN'),
('KA000016', 'JL. GUBERNUR SURYO NO. 8', '08217853242', 'MALANG', 0, '2020-04-09 18:43:44', '2020-04-09 18:43:44', 0, '1.00000', '1.00000', 'PEADMIN', 'PEADMIN'),
('KA000017', 'JL. JERUK NO.124', '08128542831', 'MALANG', 0, '2020-04-09 18:44:47', '2020-04-09 18:45:00', 0, '1.00000', '1.00000', 'PEADMIN', 'PEADMIN');

-- --------------------------------------------------------

--
-- Table structure for table `kendaraans`
--

DROP TABLE IF EXISTS `kendaraans`;
CREATE TABLE `kendaraans` (
  `id` varchar(8) NOT NULL,
  `kantor_1_id` varchar(8) NOT NULL,
  `kantor_2_id` varchar(8) NOT NULL,
  `nopol` varchar(9) NOT NULL,
  `status` tinyint(1) NOT NULL DEFAULT 1,
  `tahun_pembelian` decimal(4,0) NOT NULL,
  `created_at` datetime NOT NULL,
  `updated_at` datetime NOT NULL,
  `is_deleted` tinyint(1) NOT NULL DEFAULT 0,
  `posisi_di_kantor_1` tinyint(1) NOT NULL,
  `user_created` varchar(8) NOT NULL,
  `user_updated` varchar(8) NOT NULL
) ENGINE=InnoDB DEFAULT CHARSET=utf8mb4;

--
-- Dumping data for table `kendaraans`
--

INSERT INTO `kendaraans` (`id`, `kantor_1_id`, `kantor_2_id`, `nopol`, `status`, `tahun_pembelian`, `created_at`, `updated_at`, `is_deleted`, `posisi_di_kantor_1`, `user_created`, `user_updated`) VALUES
('KE000000', 'KA000000', 'KA000001', 'L 2912 XA', 1, '2018', '2020-04-09 18:51:52', '2020-04-09 18:53:49', 0, 0, 'PEADMIN', 'PEADMIN'),
('KE000001', 'KA000000', 'KA000002', 'L 2912 SA', 1, '2017', '2020-04-09 18:52:15', '2020-04-09 18:54:34', 0, 0, 'PEADMIN', 'PEADMIN'),
('KE000002', 'KA000000', 'KA000003', 'D 2182 SA', 1, '2018', '2020-04-09 18:52:58', '2020-04-09 18:54:40', 0, 0, 'PEADMIN', 'PEADMIN'),
('KE000003', 'KA000000', 'KA000004', 'L 2812 HF', 1, '2018', '2020-04-09 18:53:22', '2020-04-09 18:54:48', 0, 0, 'PEADMIN', 'PEADMIN'),
('KE000004', 'KA000000', 'KA000005', 'L 1923 AS', 1, '2018', '2020-04-09 18:54:23', '2020-04-09 18:54:23', 0, 0, 'PEADMIN', 'PEADMIN'),
('KE000005', 'KA000000', 'KA000006', 'L 1294 XS', 1, '2020', '2020-04-09 18:55:24', '2020-04-09 19:12:36', 0, 1, 'PEADMIN', 'PEADMIN'),
('KE000006', 'KA000000', 'KA000006', 'L 1298 XS', 1, '2020', '2020-04-09 19:02:15', '2020-04-09 19:02:15', 0, 1, 'PEADMIN', 'PEADMIN'),
('KE000007', 'KA000000', 'KA000012', 'L 2123 XL', 1, '2020', '2020-04-09 19:10:23', '2020-04-09 19:10:23', 0, 1, 'PEADMIN', 'PEADMIN'),
('KE000008', 'KA000000', 'KA000012', 'L 2127 PO', 1, '2020', '2020-04-09 19:10:44', '2020-04-09 19:10:44', 0, 1, 'PEADMIN', 'PEADMIN'),
('KE000009', 'KA000006', 'KA000007', 'W 2182 SJ', 1, '2018', '2020-04-09 19:11:12', '2020-04-09 19:11:12', 0, 0, 'PEADMIN', 'PEADMIN'),
('KE000010', 'KA000006', 'KA000008', 'W 2192 SD', 1, '2018', '2020-04-09 19:12:16', '2020-04-09 19:12:16', 0, 0, 'PEADMIN', 'PEADMIN'),
('KE000011', 'KA000006', 'KA000009', 'W 1293 AS', 1, '2018', '2020-04-09 19:12:56', '2020-04-09 19:12:56', 0, 0, 'PEADMIN', 'PEADMIN'),
('KE000012', 'KA000006', 'KA000010', 'W 3904 DF', 1, '2018', '2020-04-09 19:13:19', '2020-04-09 19:13:19', 0, 0, 'PEADMIN', 'PEADMIN'),
('KE000013', 'KA000006', 'KA000011', 'W 3450 OP', 1, '2018', '2020-04-09 19:13:56', '2020-04-09 19:13:56', 0, 0, 'PEADMIN', 'PEADMIN'),
('KE000014', 'KA000006', 'KA000000', 'W 1237 DA', 1, '2020', '2020-04-09 19:14:24', '2020-04-09 19:14:24', 0, 1, 'PEADMIN', 'PEADMIN'),
('KE000015', 'KA000006', 'KA000000', 'W 1208 AS', 1, '2020', '2020-04-09 19:16:23', '2020-04-09 19:16:23', 0, 1, 'PEADMIN', 'PEADMIN'),
('KE000016', 'KA000006', 'KA000012', 'W 1273 AS', 1, '2020', '2020-04-09 19:16:48', '2020-04-09 19:16:48', 0, 1, 'PEADMIN', 'PEADMIN'),
('KE000017', 'KA000006', 'KA000012', 'W 9423 DF', 1, '2020', '2020-04-09 19:17:14', '2020-04-09 19:17:14', 0, 1, 'PEADMIN', 'PEADMIN'),
('KE000018', 'KA000012', 'KA000013', 'N 1293 AS', 1, '2018', '2020-04-09 19:18:08', '2020-04-09 19:18:08', 0, 0, 'PEADMIN', 'PEADMIN'),
('KE000019', 'KA000012', 'KA000014', 'N 1983 AS', 1, '2018', '2020-04-09 19:20:25', '2020-04-09 19:20:25', 0, 0, 'PEADMIN', 'PEADMIN'),
('KE000020', 'KA000012', 'KA000015', 'N 9387 AS', 1, '2018', '2020-04-09 19:20:44', '2020-04-09 19:20:44', 0, 0, 'PEADMIN', 'PEADMIN'),
('KE000021', 'KA000012', 'KA000016', 'N 9234 FG', 1, '2018', '2020-04-09 19:21:04', '2020-04-09 19:21:04', 0, 0, 'PEADMIN', 'PEADMIN'),
('KE000022', 'KA000012', 'KA000017', 'N 6453 GH', 1, '2018', '2020-04-09 19:21:25', '2020-04-09 19:21:25', 0, 0, 'PEADMIN', 'PEADMIN'),
('KE000023', 'KA000012', 'KA000000', 'N 9234 SD', 1, '2020', '2020-04-09 19:21:44', '2020-04-09 19:21:44', 0, 1, 'PEADMIN', 'PEADMIN'),
('KE000024', 'KA000012', 'KA000000', 'N 3546 AK', 1, '2020', '2020-04-09 19:22:00', '2020-04-09 19:22:00', 0, 1, 'PEADMIN', 'PEADMIN'),
('KE000025', 'KA000012', 'KA000006', 'N 3428 AD', 1, '2020', '2020-04-09 19:22:25', '2020-04-09 19:22:25', 0, 1, 'PEADMIN', 'PEADMIN'),
('KE000026', 'KA000012', 'KA000006', 'N 9672 AJ', 1, '2020', '2020-04-09 19:22:51', '2020-04-09 19:22:51', 0, 1, 'PEADMIN', 'PEADMIN');

-- --------------------------------------------------------

--
-- Table structure for table `kotas`
--

DROP TABLE IF EXISTS `kotas`;
CREATE TABLE `kotas` (
  `nama` varchar(255) NOT NULL,
  `created_at` datetime NOT NULL,
  `updated_at` datetime NOT NULL,
  `user_created` varchar(8) NOT NULL,
  `user_updated` varchar(8) NOT NULL,
  `is_deleted` tinyint(1) NOT NULL DEFAULT 0
) ENGINE=InnoDB DEFAULT CHARSET=utf8mb4;

--
-- Dumping data for table `kotas`
--

INSERT INTO `kotas` (`nama`, `created_at`, `updated_at`, `user_created`, `user_updated`, `is_deleted`) VALUES
('BANGKALAN', '2020-04-03 14:31:25', '2020-04-03 14:31:25', 'P0000001', 'P0000001', 0),
('BANYUWANGI', '2020-04-03 14:31:25', '2020-04-03 14:31:25', 'P0000001', 'P0000001', 0),
('BATU', '2020-04-03 14:31:25', '2020-04-03 14:31:25', 'P0000001', 'P0000001', 0),
('BLITAR', '2020-04-03 14:31:25', '2020-04-03 14:31:25', 'P0000001', 'P0000001', 0),
('BOJONEGORO', '2020-04-03 14:31:25', '2020-04-03 14:31:25', 'P0000001', 'P0000001', 0),
('BONDOWOSO', '2020-04-03 14:31:25', '2020-04-03 14:31:25', 'P0000001', 'P0000001', 0),
('GRESIK', '2020-04-03 14:31:25', '2020-04-03 14:31:25', 'P0000001', 'P0000001', 0),
('JEMBER', '2020-04-03 14:31:25', '2020-04-03 14:31:25', 'P0000001', 'P0000001', 0),
('JOMBANG', '2020-04-03 14:31:25', '2020-04-03 14:31:25', 'P0000001', 'P0000001', 0),
('KEDIRI', '2020-04-03 14:31:25', '2020-04-03 14:31:25', 'P0000001', 'P0000001', 0),
('LAMONGAN', '2020-04-03 14:31:25', '2020-04-03 14:31:25', 'P0000001', 'P0000001', 0),
('LUMAJANG', '2020-04-03 14:31:25', '2020-04-03 14:31:25', 'P0000001', 'P0000001', 0),
('MADIUN', '2020-04-03 14:31:25', '2020-04-03 14:31:25', 'P0000001', 'P0000001', 0),
('MAGETAN', '2020-04-03 14:31:25', '2020-04-03 14:31:25', 'P0000001', 'P0000001', 0),
('MALANG', '2020-04-03 14:31:25', '2020-04-03 14:31:25', 'P0000001', 'P0000001', 0),
('MOJOKERTO', '2020-04-03 14:31:25', '2020-04-03 14:31:25', 'P0000001', 'P0000001', 0),
('NGANJUK', '2020-04-03 14:31:25', '2020-04-03 14:31:25', 'P0000001', 'P0000001', 0),
('NGAWI', '2020-04-03 14:31:25', '2020-04-03 14:31:25', 'P0000001', 'P0000001', 0),
('PACITAN', '2020-04-03 14:31:25', '2020-04-03 14:31:25', 'P0000001', 'P0000001', 0),
('PAMEKASAN', '2020-04-03 14:31:25', '2020-04-03 14:31:25', 'P0000001', 'P0000001', 0),
('PASURUAN', '2020-04-03 14:31:25', '2020-04-03 14:31:25', 'P0000001', 'P0000001', 0),
('PONOROGO', '2020-04-03 14:31:25', '2020-04-03 14:31:25', 'P0000001', 'P0000001', 0),
('PROBOLINGGO', '2020-04-03 14:31:25', '2020-04-03 14:31:25', 'P0000001', 'P0000001', 0),
('SAMPANG', '2020-04-03 14:31:25', '2020-04-03 14:31:25', 'P0000001', 'P0000001', 0),
('SIDOARJO', '2020-04-03 14:31:25', '2020-04-03 14:31:25', 'P0000001', 'P0000001', 0),
('SITUBONDO', '2020-04-03 14:31:25', '2020-04-03 14:31:25', 'P0000001', 'P0000001', 0),
('SUMENEP', '2020-04-03 14:31:25', '2020-04-03 14:31:25', 'P0000001', 'P0000001', 0),
('SURABAYA', '2020-04-03 14:31:25', '2020-04-03 14:31:25', 'P0000001', 'P0000001', 0),
('TRENGGALEK', '2020-04-03 14:31:25', '2020-04-03 14:31:25', 'P0000001', 'P0000001', 0),
('TUBAN', '2020-04-03 14:31:25', '2020-04-03 14:31:25', 'P0000001', 'P0000001', 0),
('TULUNGAGUNG', '2020-04-03 14:31:25', '2020-04-03 14:31:25', 'P0000001', 'P0000001', 0);

-- --------------------------------------------------------

--
-- Table structure for table `kurir_customers`
--

DROP TABLE IF EXISTS `kurir_customers`;
CREATE TABLE `kurir_customers` (
  `id` varchar(8) NOT NULL,
  `kantor_id` varchar(8) NOT NULL,
  `nama` varchar(255) NOT NULL,
  `jenis_kelamin` varchar(1) NOT NULL,
  `no_telp` varchar(12) NOT NULL,
  `alamat` varchar(1024) NOT NULL,
  `status` decimal(1,0) NOT NULL DEFAULT 1,
  `nopol` varchar(9) NOT NULL,
  `password` varchar(255) NOT NULL,
  `created_at` datetime NOT NULL,
  `updated_at` datetime NOT NULL,
  `is_deleted` tinyint(1) NOT NULL DEFAULT 0,
  `user_created` varchar(8) NOT NULL,
  `user_updated` varchar(8) NOT NULL
) ENGINE=InnoDB DEFAULT CHARSET=utf8mb4;

--
-- Dumping data for table `kurir_customers`
--

INSERT INTO `kurir_customers` (`id`, `kantor_id`, `nama`, `jenis_kelamin`, `no_telp`, `alamat`, `status`, `nopol`, `password`, `created_at`, `updated_at`, `is_deleted`, `user_created`, `user_updated`) VALUES
('KC000000', 'KA000001', 'MUMPUNI MANGUNSONG', 'P', '022510856799', 'DS. BABAKAN NO. 42, BANJARBARU', '1', 'L 3455 AB', '319f4d26e3c536b5dd871bb2c52e3178', '2020-04-09 19:52:17', '2020-04-09 19:54:24', 0, 'PEADMIN', 'PEADMIN'),
('KC000001', 'KA000001', 'KARMA MAHENDRA', 'P', '095855235581', 'KPG. PASTEUR NO. 936, PANGKAL PINANG', '1', 'L 2981 ET', '319f4d26e3c536b5dd871bb2c52e3178', '2020-04-09 19:53:15', '2020-04-09 19:53:15', 0, 'PEADMIN', 'PEADMIN'),
('KC000002', 'KA000001', 'CARAKA WAHYUDIN', 'P', '03130176446', 'KI. HONGGOWONGSO NO. 180, PRABUMULIH', '1', 'L 5662 EF', '319f4d26e3c536b5dd871bb2c52e3178', '2020-04-09 19:54:08', '2020-04-09 19:54:08', 0, 'PEADMIN', 'PEADMIN'),
('KC000003', 'KA000002', 'PUTU WIBISONO', 'P', '074056236422', 'GG. DIPONEGORO NO. 753, METRO', '1', 'L 8161 QW', '319f4d26e3c536b5dd871bb2c52e3178', '2020-04-09 19:55:47', '2020-04-09 19:55:47', 0, 'PEADMIN', 'PEADMIN'),
('KC000004', 'KA000002', 'WAKIMAN ADRIANSYAH', 'P', '022158371390', 'PSR. SAM RATULANGI NO. 410, TANGERANG', '1', 'L 6498 UY', '319f4d26e3c536b5dd871bb2c52e3178', '2020-04-09 19:56:35', '2020-04-09 19:56:35', 0, 'PEADMIN', 'PEADMIN'),
('KC000005', 'KA000002', 'ADITYA SIMBOLON', 'P', '083047999001', 'JLN. BASKET NO. 33, DENPASAR', '1', 'L 4940 QP', '319f4d26e3c536b5dd871bb2c52e3178', '2020-04-09 19:57:24', '2020-04-09 19:57:24', 0, 'PEADMIN', 'PEADMIN'),
('KC000006', 'KA000003', 'KARIMAN HARYANTO', 'P', '09521907896', 'GG. DIPONEGORO NO. 982, BANDAR LAMPUNG', '1', 'L 1203 LP', '319f4d26e3c536b5dd871bb2c52e3178', '2020-04-09 19:59:25', '2020-04-09 19:59:25', 0, 'PEADMIN', 'PEADMIN'),
('KC000007', 'KA000003', 'MAHMUD NUGROHO', 'P', '092453208162', 'KI. BAIK NO. 343, MAGELANG', '1', 'L 6839 ML', '319f4d26e3c536b5dd871bb2c52e3178', '2020-04-09 20:00:24', '2020-04-09 20:00:24', 0, 'PEADMIN', 'PEADMIN'),
('KC000008', 'KA000003', 'MAHFUD SETIAWAN', 'P', '03363055247', 'DK. SURYO NO. 753, BEKASI', '1', 'L 8798 MB', '319f4d26e3c536b5dd871bb2c52e3178', '2020-04-09 20:01:28', '2020-04-09 20:01:28', 0, 'PEADMIN', 'PEADMIN'),
('KC000009', 'KA000004', 'BAKIADI GUNARTO', 'P', '09768641337', 'JLN. SAM RATULANGI NO. 769, PRABUMULIH', '1', 'L 5781 GH', '319f4d26e3c536b5dd871bb2c52e3178', '2020-04-09 20:03:26', '2020-04-09 20:03:26', 0, 'PEADMIN', 'PEADMIN'),
('KC000010', 'KA000004', 'LATIF KURNIAWAN', 'P', '097676098927', 'DK. KUSMANTO NO. 398, TASIKMALAYA', '1', 'L 8065 MG', '319f4d26e3c536b5dd871bb2c52e3178', '2020-04-09 20:05:06', '2020-04-09 20:05:06', 0, 'PEADMIN', 'PEADMIN'),
('KC000011', 'KA000004', 'PURWA VIMAN SURYONO', 'P', '07805031555', 'JR. W.R. SUPRATMAN NO. 136, PASURUAN', '1', 'L 7066 OP', '319f4d26e3c536b5dd871bb2c52e3178', '2020-04-09 20:08:21', '2020-04-09 20:08:21', 0, 'PEADMIN', 'PEADMIN'),
('KC000012', 'KA000005', 'INDRA BUDIYANTO', 'P', '05856061653', 'GG. CIWASTRA NO. 476, BUKITTINGGI', '1', 'L 1087 GV', '319f4d26e3c536b5dd871bb2c52e3178', '2020-04-09 20:09:59', '2020-04-09 20:09:59', 0, 'PEADMIN', 'PEADMIN'),
('KC000013', 'KA000005', 'MARTAKA ARGONO UWAIS', 'P', '07486950745', 'DS. GEDEBAGE SELATAN NO. 782, JAYAPURA', '1', 'L 4549 GB', '319f4d26e3c536b5dd871bb2c52e3178', '2020-04-09 20:10:37', '2020-04-09 20:10:37', 0, 'PEADMIN', 'PEADMIN'),
('KC000014', 'KA000005', 'OPAN PRAKASA', 'P', '09295181367', 'KI. BAYAM NO. 698, KEDIRI', '1', 'L 8730 GF', '319f4d26e3c536b5dd871bb2c52e3178', '2020-04-09 20:11:20', '2020-04-09 20:11:20', 0, 'PEADMIN', 'PEADMIN'),
('KC000015', 'KA000007', 'TOMI JAGARAGA SAMOSIR', 'P', '09259001824', 'GG. SUDIARTO NO. 45, AMBON', '1', 'W 6300 FS', '319f4d26e3c536b5dd871bb2c52e3178', '2020-04-09 20:13:20', '2020-04-09 20:13:20', 0, 'PEADMIN', 'PEADMIN'),
('KC000016', 'KA000007', 'MULYA RAMADAN', 'P', '062435528883', 'GG. BARA NO. 229, TANGERANG SELATAN', '1', 'W 2672 TE', '319f4d26e3c536b5dd871bb2c52e3178', '2020-04-09 20:14:02', '2020-04-09 20:15:06', 0, 'PEADMIN', 'PEADMIN'),
('KC000017', 'KA000007', 'GANGSAR HAKIM', 'P', '073390884524', 'DK. LAKSAMANA NO. 198, BANJARBARU', '1', 'W 4741 QC', '319f4d26e3c536b5dd871bb2c52e3178', '2020-04-09 20:14:47', '2020-04-09 20:15:17', 0, 'PEADMIN', 'PEADMIN'),
('KC000018', 'KA000008', 'RADEN JONO FIRMANSYAH', 'P', '020747336430', 'GG. SENTOT ALIBASA NO. 428, SAMARINDA', '1', 'W 6910 TE', '319f4d26e3c536b5dd871bb2c52e3178', '2020-04-09 20:16:17', '2020-04-09 20:16:30', 0, 'PEADMIN', 'PEADMIN'),
('KC000019', 'KA000008', 'JAKA ARDIANTO', 'P', '030684425372', 'JLN. BASKET NO. 722, CIMAHI', '1', 'W 9936 QW', '319f4d26e3c536b5dd871bb2c52e3178', '2020-04-09 20:17:28', '2020-04-09 20:17:28', 0, 'PEADMIN', 'PEADMIN'),
('KC000020', 'KA000008', 'NAJAM PRANOWO', 'P', '0889869684', 'DS. KARTINI NO. 897, BUKITTINGGI', '1', 'W 2658 FG', '319f4d26e3c536b5dd871bb2c52e3178', '2020-04-09 20:18:17', '2020-04-09 20:18:17', 0, 'PEADMIN', 'PEADMIN'),
('KC000021', 'KA000009', 'LANGGENG WIDODO', 'P', '083506509134', 'DK. BAGIS UTAMA NO. 811, BATAM', '1', 'W 4275 LK', '319f4d26e3c536b5dd871bb2c52e3178', '2020-04-09 20:19:02', '2020-04-09 20:19:02', 0, 'PEADMIN', 'PEADMIN'),
('KC000022', 'KA000009', 'MAHESA GAMANTO HAKIM', 'P', '02818424613', 'JLN. GATOT SUBROTO NO. 700, PALU', '1', 'W 4360 CV', '319f4d26e3c536b5dd871bb2c52e3178', '2020-04-09 20:19:54', '2020-04-09 20:19:54', 0, 'PEADMIN', 'PEADMIN'),
('KC000023', 'KA000009', 'BALIJAN BUDIYANTO', 'P', '083349218113', 'GG. BAMBON NO. 132, TEGAL', '1', 'W 7729 UC', '319f4d26e3c536b5dd871bb2c52e3178', '2020-04-09 20:20:49', '2020-04-09 20:20:49', 0, 'PEADMIN', 'PEADMIN'),
('KC000024', 'KA000010', 'NYOMAN SIREGAR', 'P', '072641739644', 'KPG. PETA NO. 920, PALANGKA RAYA', '1', 'W 4152 VG', '319f4d26e3c536b5dd871bb2c52e3178', '2020-04-09 20:21:34', '2020-04-09 20:21:34', 0, 'PEADMIN', 'PEADMIN'),
('KC000025', 'KA000010', 'GANDI DARUNA ISWAHYUDI', 'P', '076790039654', 'JR. SUKABUMI NO. 11, CILEGON', '1', 'W 3764 VC', '319f4d26e3c536b5dd871bb2c52e3178', '2020-04-09 20:22:06', '2020-04-09 20:22:06', 0, 'PEADMIN', 'PEADMIN'),
('KC000026', 'KA000010', 'MAMAN UWAIS', 'P', '046881407916', 'JLN. WAHID HASYIM NO. 242, DENPASAR', '1', 'W 6295 AQ', '319f4d26e3c536b5dd871bb2c52e3178', '2020-04-09 20:22:45', '2020-04-09 20:22:45', 0, 'PEADMIN', 'PEADMIN'),
('KC000027', 'KA000011', 'CAGER MANDALA', 'P', '024114090208', 'KPG. TENTARA PELAJAR NO. 807, PAYAKUMBUH', '1', 'W 1378 CA', '319f4d26e3c536b5dd871bb2c52e3178', '2020-04-09 20:23:37', '2020-04-09 20:23:37', 0, 'PEADMIN', 'PEADMIN'),
('KC000028', 'KA000011', 'GADA SAEFULLAH', 'P', '02441910841', 'KPG. ABDUL RAHMAT NO. 114, JAYAPURA', '1', 'W 6592 AS', '319f4d26e3c536b5dd871bb2c52e3178', '2020-04-09 20:24:04', '2020-04-09 20:24:04', 0, 'PEADMIN', 'PEADMIN'),
('KC000029', 'KA000011', 'TASWIR SIRAIT', 'P', '04931165765', 'GG. BAKHITA NO. 476, DENPASAR', '1', 'W 2992 AQ', '319f4d26e3c536b5dd871bb2c52e3178', '2020-04-09 20:24:36', '2020-04-09 20:24:36', 0, 'PEADMIN', 'PEADMIN'),
('KC000030', 'KA000013', 'BAJRAGIN CAKRABIRAWA HAKIM', 'P', '04810988087', 'KI. GARDUJATI NO. 975, CIMAHI', '1', 'N 2910 AW', '319f4d26e3c536b5dd871bb2c52e3178', '2020-04-09 20:30:48', '2020-04-09 20:30:48', 0, 'PEADMIN', 'PEADMIN'),
('KC000031', 'KA000013', 'NYOMAN LEGA PRABOWO', 'P', '04224606316', 'DK. KALIMALANG NO. 256, PADANG', '1', 'N 7301 AQ', '319f4d26e3c536b5dd871bb2c52e3178', '2020-04-09 20:31:19', '2020-04-09 20:31:19', 0, 'PEADMIN', 'PEADMIN'),
('KC000032', 'KA000013', 'GALANG KALA MARBUN', 'P', '09765622843', 'KI. ULUWATU NO. 871, BLITAR', '1', 'N 1729 EQ', '319f4d26e3c536b5dd871bb2c52e3178', '2020-04-09 20:31:52', '2020-04-09 20:31:52', 0, 'PEADMIN', 'PEADMIN'),
('KC000033', 'KA000014', 'GAMAN PRATAMA', 'P', '078769346163', 'KI. YOSODIPURO NO. 863, MALANG', '1', 'N 1312 BA', '319f4d26e3c536b5dd871bb2c52e3178', '2020-04-09 20:32:54', '2020-04-09 20:32:54', 0, 'PEADMIN', 'PEADMIN'),
('KC000034', 'KA000014', 'HAIRYANTO HIDAYAT', 'P', '08797423339', 'GG. SUDIRMAN NO. 569, PEMATANGSIANTAR', '1', 'N 6091 BX', '319f4d26e3c536b5dd871bb2c52e3178', '2020-04-09 20:33:27', '2020-04-09 20:33:27', 0, 'PEADMIN', 'PEADMIN'),
('KC000035', 'KA000014', 'EKO NATSIR', 'P', '07822876141', 'DK. SALAK NO. 752, TANGERANG', '1', 'N 4568 AC', '319f4d26e3c536b5dd871bb2c52e3178', '2020-04-09 20:34:33', '2020-04-09 20:34:33', 0, 'PEADMIN', 'PEADMIN'),
('KC000036', 'KA000015', 'SURYA SIHOMBING', 'P', '02814090085', 'DS. PADANG NO. 452, MADIUN', '1', 'N 8718 CA', '319f4d26e3c536b5dd871bb2c52e3178', '2020-04-09 20:35:22', '2020-04-09 20:35:22', 0, 'PEADMIN', 'PEADMIN'),
('KC000037', 'KA000015', 'PAIMAN KUNCARA HAKIM', 'P', '02334993407', 'JLN. MOCH. YAMIN NO. 756, SORONG', '1', 'N 7547 AQ', '319f4d26e3c536b5dd871bb2c52e3178', '2020-04-09 20:36:04', '2020-04-09 20:36:04', 0, 'PEADMIN', 'PEADMIN'),
('KC000038', 'KA000015', 'CAHYA NARPATI', 'P', '08772462100', 'JLN. TERS. KIARACONDONG NO. 749, BANJARBARU', '1', 'N 9920 AQ', '319f4d26e3c536b5dd871bb2c52e3178', '2020-04-09 20:37:05', '2020-04-09 20:37:24', 0, 'PEADMIN', 'PEADMIN'),
('KC000039', 'KA000016', 'LIMAN HIDAYAT', 'P', '063965294594', 'DK. BARANANG NO. 694, BANDUNG', '1', 'N 5404 EQ', '319f4d26e3c536b5dd871bb2c52e3178', '2020-04-09 20:38:21', '2020-04-09 20:38:21', 0, 'PEADMIN', 'PEADMIN'),
('KC000040', 'KA000016', 'NAJIB FIRGANTORO', 'P', '087584543801', 'KI. PELAJAR PEJUANG 45 NO. 543, LANGSA', '1', 'N 7513 AC', '319f4d26e3c536b5dd871bb2c52e3178', '2020-04-09 20:39:19', '2020-04-09 20:39:19', 0, 'PEADMIN', 'PEADMIN'),
('KC000041', 'KA000016', 'GALAR KENARI WINARNO', 'P', '07570576058', 'PSR. ACHMAD NO. 810, BANDUNG', '1', 'N 3655 EX', '319f4d26e3c536b5dd871bb2c52e3178', '2020-04-09 20:39:55', '2020-04-09 20:39:55', 0, 'PEADMIN', 'PEADMIN'),
('KC000042', 'KA000017', 'GALAK MANULLANG', 'P', '082315053136', 'GG. B.AGAM DLM NO. 130, SIBOLGA', '1', 'N 5915 AZ', '319f4d26e3c536b5dd871bb2c52e3178', '2020-04-09 20:40:51', '2020-04-09 20:40:51', 0, 'PEADMIN', 'PEADMIN'),
('KC000043', 'KA000017', 'HARTANA VIKTOR DONGORAN', 'P', '0287655367', 'JLN. K.H. WAHID HASYIM (KOPO) NO. 556, MALANG', '1', 'N 2464 EP', '319f4d26e3c536b5dd871bb2c52e3178', '2020-04-09 20:43:00', '2020-04-09 20:43:00', 0, 'PEADMIN', 'PEADMIN'),
('KC000044', 'KA000017', 'WARSITA CEMANI SINAGA', 'P', '076634574856', 'DS. SUPRAPTO NO. 403, TIDORE KEPULAUAN', '1', 'N 2471 BB', '319f4d26e3c536b5dd871bb2c52e3178', '2020-04-09 20:43:40', '2020-04-09 20:43:40', 0, 'PEADMIN', 'PEADMIN');

-- --------------------------------------------------------

--
-- Table structure for table `kurir_non_customers`
--

DROP TABLE IF EXISTS `kurir_non_customers`;
CREATE TABLE `kurir_non_customers` (
  `id` varchar(8) NOT NULL,
  `kantor_1_id` varchar(8) NOT NULL,
  `kantor_2_id` varchar(8) NOT NULL,
  `nama` varchar(255) NOT NULL,
  `jenis_kelamin` varchar(1) NOT NULL,
  `no_telp` varchar(12) NOT NULL,
  `alamat` varchar(1024) NOT NULL,
  `status` decimal(1,0) NOT NULL DEFAULT 1,
  `posisi_di_kantor_1` tinyint(1) NOT NULL DEFAULT 1,
  `created_at` datetime NOT NULL,
  `updated_at` datetime NOT NULL,
  `is_deleted` tinyint(1) NOT NULL DEFAULT 0,
  `user_created` varchar(8) NOT NULL,
  `user_updated` varchar(8) NOT NULL
) ENGINE=InnoDB DEFAULT CHARSET=utf8mb4;

--
-- Dumping data for table `kurir_non_customers`
--

INSERT INTO `kurir_non_customers` (`id`, `kantor_1_id`, `kantor_2_id`, `nama`, `jenis_kelamin`, `no_telp`, `alamat`, `status`, `posisi_di_kantor_1`, `created_at`, `updated_at`, `is_deleted`, `user_created`, `user_updated`) VALUES
('KN000000', 'KA000000', 'KA000001', 'SAMSUL BANAWA LAZUARDI', 'P', '02960890197', 'JR. SADANG SERANG NO. 480, TUAL', '1', 0, '2020-04-09 21:11:07', '2020-04-09 21:11:07', 0, 'PEADMIN', 'PEADMIN'),
('KN000001', 'KA000000', 'KA000002', 'JAKA SUWARNO', 'P', '088059601147', 'GG. INDUSTRI NO. 589, KUPANG', '1', 0, '2020-04-09 21:12:01', '2020-04-09 21:12:01', 0, 'PEADMIN', 'PEADMIN'),
('KN000002', 'KA000000', 'KA000003', 'LUWAR LUWES RAJATA', 'P', '04841649770', 'PSR. BACANG NO. 545, BAU-BAU', '1', 0, '2020-04-09 21:12:37', '2020-04-09 21:12:37', 0, 'PEADMIN', 'PEADMIN'),
('KN000003', 'KA000000', 'KA000004', 'DANUJA BUDIYANTO', 'P', '04068811934', 'JLN. BAHAGIA NO. 749, KUPANG', '1', 0, '2020-04-09 21:13:16', '2020-04-09 21:13:16', 0, 'PEADMIN', 'PEADMIN'),
('KN000004', 'KA000000', 'KA000005', 'KENARI JINDRA PRAYOGA', 'P', '06298274212', 'KI. BAIK NO. 478, SORONG', '1', 0, '2020-04-09 21:13:55', '2020-04-09 21:13:55', 0, 'PEADMIN', 'PEADMIN'),
('KN000005', 'KA000000', 'KA000006', 'VIRMAN HABIBI', 'P', '063407870342', 'JR. ACHMAD NO. 175, TUAL', '1', 1, '2020-04-09 21:14:49', '2020-04-09 21:14:49', 0, 'PEADMIN', 'PEADMIN'),
('KN000006', 'KA000000', 'KA000006', 'AJIONO PRASETYA', 'P', '07643318449', 'GG. BAYA KALI BUNGUR NO. 897, PAREPARE', '1', 1, '2020-04-09 21:15:22', '2020-04-09 21:15:22', 0, 'PEADMIN', 'PEADMIN'),
('KN000007', 'KA000000', 'KA000012', 'CAHYANTO MANSUR', 'P', '02304621758', 'DK. BAUNG NO. 156, SOLOK', '1', 1, '2020-04-09 21:16:26', '2020-04-09 21:16:26', 0, 'PEADMIN', 'PEADMIN'),
('KN000008', 'KA000000', 'KA000012', 'KURNIA PRASASTA', 'P', '082332708103', 'GG. KALIMANTAN NO. 126, PAREPARE', '1', 1, '2020-04-09 21:16:52', '2020-04-09 21:16:52', 0, 'PEADMIN', 'PEADMIN'),
('KN000009', 'KA000006', 'KA000007', 'JONO LUHUNG TARIHORAN', 'P', '0271721031', 'JR. FLORA NO. 707, BANDUNG', '1', 0, '2020-04-09 21:19:29', '2020-04-09 21:19:29', 0, 'PEADMIN', 'PEADMIN'),
('KN000010', 'KA000006', 'KA000008', 'ASMAN KUSUMO', 'P', '0870545408', 'KPG. BAUNG NO. 504, BONTANG', '1', 0, '2020-04-09 21:20:00', '2020-04-09 21:20:00', 0, 'PEADMIN', 'PEADMIN'),
('KN000011', 'KA000006', 'KA000009', 'PERKASA JAILANI', 'P', '08465473516', 'JR. LASWI NO. 99, BONTANG', '1', 0, '2020-04-09 21:20:33', '2020-04-09 21:20:33', 0, 'PEADMIN', 'PEADMIN'),
('KN000012', 'KA000006', 'KA000010', 'ADE THAMRIN', 'P', '045788718776', 'GG. MADIUN NO. 403, LUBUKLINGGAU', '1', 0, '2020-04-09 21:22:39', '2020-04-09 21:22:39', 0, 'PEADMIN', 'PEADMIN'),
('KN000013', 'KA000006', 'KA000011', 'ARTAWAN MUJUR SINAGA', 'P', '026630309119', 'DS. BAGONWOTO NO. 752, TOMOHON', '1', 0, '2020-04-09 21:23:17', '2020-04-09 21:23:17', 0, 'PEADMIN', 'PEADMIN'),
('KN000014', 'KA000006', 'KA000000', 'BAGUS VINSEN GUNAWAN', 'P', '04191426466', 'GG. BABAKAN NO. 471, GORONTALO', '1', 1, '2020-04-09 21:23:59', '2020-04-09 21:23:59', 0, 'PEADMIN', 'PEADMIN'),
('KN000015', 'KA000006', 'KA000000', 'MALIK PRAKASA', 'P', '0288207608', 'JLN. TERS. JAKARTA NO. 197, SOLOK', '1', 1, '2020-04-09 21:24:29', '2020-04-09 21:24:29', 0, 'PEADMIN', 'PEADMIN'),
('KN000016', 'KA000006', 'KA000012', 'ASMUNI KAJEN MEGANTARA', 'P', '0282745554', 'JR. YOGYAKARTA NO. 564, PROBOLINGGO', '1', 1, '2020-04-09 21:25:07', '2020-04-09 21:25:07', 0, 'PEADMIN', 'PEADMIN'),
('KN000017', 'KA000006', 'KA000012', 'MUSTOFA JASWADI NABABAN', 'P', '08985674232', 'JLN. PADMA NO. 288, PALOPO', '1', 1, '2020-04-09 21:25:38', '2020-04-09 21:25:38', 0, 'PEADMIN', 'PEADMIN'),
('KN000018', 'KA000012', 'KA000013', 'JOKO AJIONO DONGORAN', 'P', '09284143315', 'PSR. BAKIT NO. 515, PRABUMULIH', '1', 0, '2020-04-09 21:26:38', '2020-04-09 21:26:38', 0, 'PEADMIN', 'PEADMIN'),
('KN000019', 'KA000012', 'KA000014', 'PANGESTU ISWAHYUDI', 'P', '055150492776', 'GG. FLORES NO. 613, SIBOLGA', '1', 0, '2020-04-09 21:27:11', '2020-04-09 21:27:11', 0, 'PEADMIN', 'PEADMIN'),
('KN000020', 'KA000012', 'KA000015', 'CAHYA RAJASA', 'P', '0891068067', 'KI. SETIABUDHI NO. 433, LHOKSEUMAWE', '1', 0, '2020-04-09 21:27:51', '2020-04-09 21:27:51', 0, 'PEADMIN', 'PEADMIN'),
('KN000021', 'KA000012', 'KA000016', 'MARSUDI PRADANA', 'P', '04066981835', 'DK. BAWAL NO. 822, PAGAR ALAM', '1', 0, '2020-04-09 21:28:24', '2020-04-09 21:28:24', 0, 'PEADMIN', 'PEADMIN'),
('KN000022', 'KA000012', 'KA000017', 'TUGIMAN HARYANTO', 'P', '08719611925', 'GG. RAJAWALI NO. 186, KOTAMOBAGU', '1', 0, '2020-04-09 21:29:06', '2020-04-09 21:29:06', 0, 'PEADMIN', 'PEADMIN'),
('KN000023', 'KA000012', 'KA000000', 'HARJO PRASETYA', 'P', '05945032365', 'JR. B.AGAM DLM NO. 558, SEMARANG', '1', 1, '2020-04-09 21:29:37', '2020-04-09 21:29:37', 0, 'PEADMIN', 'PEADMIN'),
('KN000024', 'KA000012', 'KA000000', 'BAGYA PRADANA', 'P', '098333956856', 'KI. BABAKAN NO. 936, BINJAI', '1', 1, '2020-04-09 21:30:07', '2020-04-09 21:30:07', 0, 'PEADMIN', 'PEADMIN'),
('KN000025', 'KA000012', 'KA000006', 'WAHYU NUGROHO', 'P', '07211905307', 'KPG. DAGO NO. 384, SUBULUSSALAM', '1', 1, '2020-04-09 21:31:05', '2020-04-09 21:31:05', 0, 'PEADMIN', 'PEADMIN'),
('KN000026', 'KA000012', 'KA000006', 'GANGSA CATURANGGA TAMBA', 'P', '0291077322', 'DS. IMAM NO. 479, BALIKPAPAN', '1', 1, '2020-04-09 21:31:34', '2020-04-09 21:31:34', 0, 'PEADMIN', 'PEADMIN');

-- --------------------------------------------------------

--
-- Table structure for table `pegawais`
--

DROP TABLE IF EXISTS `pegawais`;
CREATE TABLE `pegawais` (
  `id` varchar(8) NOT NULL,
  `kantor_id` varchar(8) NOT NULL,
  `nama` varchar(255) NOT NULL,
  `alamat` varchar(1024) NOT NULL,
  `no_telp` varchar(12) NOT NULL,
  `jenis_kelamin` varchar(1) NOT NULL,
  `jabatan` varchar(255) NOT NULL,
  `password` varchar(255) NOT NULL,
  `created_at` datetime NOT NULL,
  `updated_at` datetime NOT NULL,
  `is_deleted` tinyint(1) NOT NULL DEFAULT 0,
  `user_created` varchar(8) NOT NULL,
  `user_updated` varchar(8) NOT NULL
) ENGINE=InnoDB DEFAULT CHARSET=utf8mb4;

--
-- Dumping data for table `pegawais`
--

INSERT INTO `pegawais` (`id`, `kantor_id`, `nama`, `alamat`, `no_telp`, `jenis_kelamin`, `jabatan`, `password`, `created_at`, `updated_at`, `is_deleted`, `user_created`, `user_updated`) VALUES
('PE000001', 'KA000006', 'TONI  MALIRO', 'JL. KEDUNGDORO NO.21, SIDOARJO', '08123872342', 'P', 'kasir', '319f4d26e3c536b5dd871bb2c52e3178', '2020-04-09 19:26:26', '2020-04-09 19:46:42', 0, 'PEADMIN', 'PEADMIN'),
('PE000002', 'KA000006', 'ANTON KEREH', 'JL. KEPANJEN NO. 24, SIDOARJO', '08271232345', 'W', 'kasir', '319f4d26e3c536b5dd871bb2c52e3178', '2020-04-09 19:28:38', '2020-04-09 19:47:47', 0, 'PEADMIN', 'PEADMIN'),
('PE000003', 'KA000006', 'WILLIAM', 'JL. GUBENG NO. 92, SIDOARJO', '0826851232', 'P', 'pegawai', '319f4d26e3c536b5dd871bb2c52e3178', '2020-04-09 19:32:01', '2020-04-09 19:47:54', 0, 'PEADMIN', 'PEADMIN'),
('PE000004', 'KA000006', 'HEINRICH', 'JL. MALIOBORO NO. 21, SIDOARJO', '086237457124', 'P', 'pegawai', '319f4d26e3c536b5dd871bb2c52e3178', '2020-04-09 19:33:40', '2020-04-09 19:48:01', 0, 'PEADMIN', 'PEADMIN'),
('PE000005', 'KA000006', 'MAHDI GADA GUNAWAN', 'KPG. ZAMRUD NO. 621, SIDOARJO', '0812363245', 'P', 'pegawai', '319f4d26e3c536b5dd871bb2c52e3178', '2020-04-09 19:42:09', '2020-04-09 19:48:09', 0, 'PEADMIN', 'PEADMIN'),
('PE000006', 'KA000007', 'YOSEF WIBOWO', 'KI. W.R. SUPRATMAN NO. 148, SIDOARJO', '07807118476', 'P', 'kasir', '319f4d26e3c536b5dd871bb2c52e3178', '2020-04-09 19:45:58', '2020-04-09 19:49:43', 0, 'PEADMIN', 'PEADMIN'),
('PE000007', 'KA000007', 'LUWES GATOT LATUPONO', 'DK. GOTONG ROYONG NO. 454, SIDOARJO', '0862871232', 'W', 'kasir', '319f4d26e3c536b5dd871bb2c52e3178', '2020-04-09 19:49:28', '2020-04-09 19:49:28', 0, 'PEADMIN', 'PEADMIN'),
('PE000008', 'KA000007', 'BAKTIANTO THAMRIN', 'KI. JAMBU NO. 912, SIDOARJO', '08182587232', 'P', 'pegawai', '319f4d26e3c536b5dd871bb2c52e3178', '2020-04-09 19:50:25', '2020-04-09 19:50:25', 0, 'PEADMIN', 'PEADMIN'),
('PE000009', 'KA000007', 'HAIRYANTO PURWA PRASASTA', 'JL. BASUKI RAHMAT NO. 419, SIDOARJO', '08672172234', 'P', 'pegawai', '319f4d26e3c536b5dd871bb2c52e3178', '2020-04-09 19:51:26', '2020-04-09 19:51:26', 0, 'PEADMIN', 'PEADMIN'),
('PE000010', 'KA000007', 'HARJA WIDODO', 'JL. KERETEK KELES NO. 29, SIDOARJO', '08123823123', 'P', 'pegawai', '319f4d26e3c536b5dd871bb2c52e3178', '2020-04-09 19:52:10', '2020-04-09 19:52:10', 0, 'PEADMIN', 'PEADMIN'),
('PE000011', 'KA000008', 'WARDI KUNCARA TAMPUBOLON', 'KPG. WAHID NO. 926, SIDOARJO', '06182735123', 'P', 'kasir', '319f4d26e3c536b5dd871bb2c52e3178', '2020-04-09 20:01:10', '2020-04-09 20:01:10', 0, 'PEADMIN', 'PEADMIN'),
('PE000012', 'KA000008', 'BANARA GANTAR NAPITUPULU', 'DS. SUNARYO NO. 220, SIDOARJO', '08123585121', 'W', 'kasir', '319f4d26e3c536b5dd871bb2c52e3178', '2020-04-09 20:03:47', '2020-04-09 20:03:47', 0, 'PEADMIN', 'PEADMIN'),
('PE000013', 'KA000008', 'UNGGUL ISWAHYUDI', 'JL. SUTAMI NO. 309, SIDOARJO', '0206812495', 'P', 'pegawai', '319f4d26e3c536b5dd871bb2c52e3178', '2020-04-09 20:06:36', '2020-04-09 20:06:36', 0, 'PEADMIN', 'PEADMIN'),
('PE000014', 'KA000008', 'EDI BUDIYANTO S.PD', 'KPG. BAAN NO. 402, SIDOARJO', '05545516878', 'P', 'pegawai', '319f4d26e3c536b5dd871bb2c52e3178', '2020-04-09 20:07:38', '2020-04-09 20:07:38', 0, 'PEADMIN', 'PEADMIN'),
('PE000015', 'KA000008', 'GAIMAN BUDIMAN', 'JL. BABAH NO. 38, SIDOARJO', '087855166123', 'P', 'pegawai', '319f4d26e3c536b5dd871bb2c52e3178', '2020-04-09 20:08:35', '2020-04-09 20:08:35', 0, 'PEADMIN', 'PEADMIN'),
('PE000016', 'KA000009', 'IBUN OPAN SAMOSIR', 'JL. BARANANG NO. 317, SIDOARJO', '07365651430', 'P', 'kasir', '319f4d26e3c536b5dd871bb2c52e3178', '2020-04-09 20:09:56', '2020-04-09 20:09:56', 0, 'PEADMIN', 'PEADMIN'),
('PE000017', 'KA000009', 'JAYADI ANGGRIAWAN', 'JR. KALIMANTAN NO. 295, SIDOARJO', '01293918230', 'W', 'kasir', '319f4d26e3c536b5dd871bb2c52e3178', '2020-04-09 20:37:20', '2020-04-09 20:37:41', 0, 'PEADMIN', 'PEADMIN'),
('PE000018', 'KA000009', 'HIMAWAN UMAY SANTOSO', 'JR. LUMBAN TOBING NO. 248, SIDOARJO', '05359809671', 'P', 'pegawai', '319f4d26e3c536b5dd871bb2c52e3178', '2020-04-09 20:38:44', '2020-04-09 20:38:44', 0, 'PEADMIN', 'PEADMIN'),
('PE000019', 'KA000009', 'HARJA NABABAN', 'DK. BAYAN NO. 548, SIDOARJO', '056335822513', 'P', 'pegawai', '319f4d26e3c536b5dd871bb2c52e3178', '2020-04-09 20:41:03', '2020-04-09 20:41:03', 0, 'PEADMIN', 'PEADMIN'),
('PE000020', 'KA000009', 'GADA SITOMPUL', 'DK. KIARACONDONG NO. 757, SIDOARJO', '033804312528', 'P', 'pegawai', '319f4d26e3c536b5dd871bb2c52e3178', '2020-04-09 20:41:56', '2020-04-09 20:41:56', 0, 'PEADMIN', 'PEADMIN'),
('PE000021', 'KA000010', 'IHSAN SANTOSO', 'KI. NAKULA NO. 287, SIDOARJO', '075306436046', 'P', 'kasir', '319f4d26e3c536b5dd871bb2c52e3178', '2020-04-09 20:42:47', '2020-04-09 20:42:47', 0, 'PEADMIN', 'PEADMIN'),
('PE000022', 'KA000010', 'JAIMAN PERKASA KUSWOYO', 'JL. RADEN NO. 40, SIDOARJO', '06333997537', 'W', 'kasir', '319f4d26e3c536b5dd871bb2c52e3178', '2020-04-09 20:43:23', '2020-04-09 20:43:23', 0, 'PEADMIN', 'PEADMIN'),
('PE000023', 'KA000010', 'DODO WIJAYA', 'KPG. BAKHITA NO. 1, SIDOARJO', '05238820547', 'P', 'pegawai', '319f4d26e3c536b5dd871bb2c52e3178', '2020-04-09 20:43:51', '2020-04-09 20:43:51', 0, 'PEADMIN', 'PEADMIN'),
('PE000024', 'KA000010', 'OPUNG WACANA', 'JR. RONGGOWARSITO NO. 319, SIDOARJO', '028175335384', 'P', 'pegawai', '319f4d26e3c536b5dd871bb2c52e3178', '2020-04-09 20:44:20', '2020-04-09 20:44:20', 0, 'PEADMIN', 'PEADMIN'),
('PE000025', 'KA000010', 'KENARI SITOMPUL', 'KPG. JAMBU NO. 872, SIDOARJO', '07144135295', 'P', 'pegawai', '319f4d26e3c536b5dd871bb2c52e3178', '2020-04-09 20:45:05', '2020-04-09 20:45:05', 0, 'PEADMIN', 'PEADMIN'),
('PE000026', 'KA000011', 'LAKSANA IMAM PRAKASA', 'DK. BANDA NO. 182, SIDOARJO', '08790278526', 'P', 'kasir', '319f4d26e3c536b5dd871bb2c52e3178', '2020-04-09 20:45:54', '2020-04-09 20:45:54', 0, 'PEADMIN', 'PEADMIN'),
('PE000027', 'KA000011', 'WALUYO SAPUTRA', 'GG. BAZUKA RAYA NO. 114, SIDOARJO', '048867096464', 'W', 'kasir', '319f4d26e3c536b5dd871bb2c52e3178', '2020-04-09 20:48:05', '2020-04-09 20:48:05', 0, 'PEADMIN', 'PEADMIN'),
('PE000028', 'KA000011', 'IMAM MARYANTO KUSUMO', 'PSR. R.E. MARTADINATA NO. 924, SIDOARJO', '05107051120', 'P', 'pegawai', '319f4d26e3c536b5dd871bb2c52e3178', '2020-04-09 20:48:51', '2020-04-09 20:48:51', 0, 'PEADMIN', 'PEADMIN'),
('PE000029', 'KA000011', 'WARDI CECEP KURNIAWAN', 'DK. FAJAR NO. 348, SIDOARJO', '0261594682', 'P', 'pegawai', '319f4d26e3c536b5dd871bb2c52e3178', '2020-04-09 20:49:38', '2020-04-09 20:49:38', 0, 'PEADMIN', 'PEADMIN'),
('PE000030', 'KA000011', 'GANEP SETIAWAN', 'JR. BAIDURI NO. 294, SIDOARJO', '09721869531', 'P', 'pegawai', '319f4d26e3c536b5dd871bb2c52e3178', '2020-04-09 20:53:38', '2020-04-09 20:53:38', 0, 'PEADMIN', 'PEADMIN'),
('PE000031', 'KA000000', 'HAMZAH LAZUARDI', 'KPG. AHMAD DAHLAN NO. 738, SIDOARJO', '085263372467', 'P', 'kasir', '319f4d26e3c536b5dd871bb2c52e3178', '2020-04-09 20:56:44', '2020-04-09 20:56:44', 0, 'PEADMIN', 'PEADMIN'),
('PE000032', 'KA000000', 'KUSUMA WIJAYA', 'DK. SALAM NO. 14, SIDOARJO', '09825450976', 'W', 'kasir', '319f4d26e3c536b5dd871bb2c52e3178', '2020-04-09 20:57:25', '2020-04-09 20:57:25', 0, 'PEADMIN', 'PEADMIN'),
('PE000033', 'KA000000', 'NASIM SITORUS', 'PSR. IKAN NO. 637, SURABAYA', '0235762788', 'P', 'pegawai', '319f4d26e3c536b5dd871bb2c52e3178', '2020-04-09 20:58:38', '2020-04-09 20:58:38', 0, 'PEADMIN', 'PEADMIN'),
('PE000034', 'KA000000', 'UNGGUL SALAHUDIN', 'KI. PADANG NO. 870, SURABAYA', '02819817996', 'P', 'pegawai', '319f4d26e3c536b5dd871bb2c52e3178', '2020-04-09 20:59:10', '2020-04-09 20:59:10', 0, 'PEADMIN', 'PEADMIN'),
('PE000035', 'KA000000', 'LEGAWA ISWAHYUDI', 'DS. BANK DAGANG NEGARA NO. 480, SURABAYA', '0990645750', 'P', 'pegawai', '319f4d26e3c536b5dd871bb2c52e3178', '2020-04-09 20:59:40', '2020-04-09 20:59:40', 0, 'PEADMIN', 'PEADMIN'),
('PE000036', 'KA000001', 'PARDI KASUSRA LAZUARDI', 'DK. YOGYAKARTA NO. 665, SIDOARJO', '066474968634', 'P', 'kasir', '319f4d26e3c536b5dd871bb2c52e3178', '2020-04-09 21:00:23', '2020-04-09 21:00:23', 0, 'PEADMIN', 'PEADMIN'),
('PE000037', 'KA000001', 'DODO NABABAN', 'JL. JAGAKARSA NO. 652, SURABAYA', '064874871759', 'W', 'kasir', '319f4d26e3c536b5dd871bb2c52e3178', '2020-04-09 21:00:56', '2020-04-09 21:00:56', 0, 'PEADMIN', 'PEADMIN'),
('PE000038', 'KA000001', 'PRABU GALUH ARDIANTO', 'JL. RONGGOWARSITO NO. 361, SURABAYA', '0849038948', 'P', 'pegawai', '319f4d26e3c536b5dd871bb2c52e3178', '2020-04-09 21:01:37', '2020-04-09 21:01:37', 0, 'PEADMIN', 'PEADMIN'),
('PE000039', 'KA000001', 'KAMIDIN RADEN SETIAWAN', 'DS. BABAH NO. 672, SURABAYA', '090089609867', 'P', 'pegawai', '319f4d26e3c536b5dd871bb2c52e3178', '2020-04-09 21:02:10', '2020-04-09 21:02:10', 0, 'PEADMIN', 'PEADMIN'),
('PE000040', 'KA000001', 'JINAWI NAINGGOLAN', 'JR. BAK AIR NO. 741, SURABAYA', '024480997307', 'P', 'pegawai', '319f4d26e3c536b5dd871bb2c52e3178', '2020-04-09 21:02:49', '2020-04-09 21:02:49', 0, 'PEADMIN', 'PEADMIN'),
('PE000041', 'KA000002', 'MAHMUD DAMAR PRAKASA', 'DS. B.AGAM 1 NO. 442, SURABAYA', '02919780498', 'P', 'kasir', '319f4d26e3c536b5dd871bb2c52e3178', '2020-04-09 21:03:36', '2020-04-09 21:03:36', 0, 'PEADMIN', 'PEADMIN'),
('PE000042', 'KA000002', 'JAEMAN WALUYO', 'JR. WAHID NO. 94, SURABAYA', '0828534812', 'W', 'kasir', '319f4d26e3c536b5dd871bb2c52e3178', '2020-04-09 21:04:02', '2020-04-09 21:04:02', 0, 'PEADMIN', 'PEADMIN'),
('PE000043', 'KA000002', 'WARTA JANUAR', 'KPG. YOHANES NO. 751, SURABAYA', '0897238542', 'P', 'pegawai', '319f4d26e3c536b5dd871bb2c52e3178', '2020-04-09 21:04:27', '2020-04-09 21:04:27', 0, 'PEADMIN', 'PEADMIN'),
('PE000044', 'KA000002', 'GAMBLANG RAMADAN', 'DK. RAJAWALI NO. 829, SURABAYA', '0882349823', 'P', 'pegawai', '319f4d26e3c536b5dd871bb2c52e3178', '2020-04-09 21:05:07', '2020-04-09 21:05:07', 0, 'PEADMIN', 'PEADMIN'),
('PE000045', 'KA000002', 'PANGESTU WARDAYA ARDIANTO', 'JL. BAK AIR NO. 775, SURABAYA', '08962325432', 'P', 'pegawai', '319f4d26e3c536b5dd871bb2c52e3178', '2020-04-09 21:05:39', '2020-04-09 21:05:39', 0, 'PEADMIN', 'PEADMIN'),
('PE000046', 'KA000003', 'KEMAL GUNARTO', 'PSR. MOCH. RAMDAN NO. 684, SURABAYA', '08682153234', 'P', 'kasir', '319f4d26e3c536b5dd871bb2c52e3178', '2020-04-09 21:06:27', '2020-04-09 21:06:27', 0, 'PEADMIN', 'PEADMIN'),
('PE000047', 'KA000003', 'DRAJAT LAMAR NATSIR', 'DS. LADA NO. 95, SURABAYA', '08923784521', 'W', 'kasir', '319f4d26e3c536b5dd871bb2c52e3178', '2020-04-09 21:08:35', '2020-04-09 21:08:35', 0, 'PEADMIN', 'PEADMIN'),
('PE000048', 'KA000003', 'IRFAN HIMAWAN ZULKARNAIN', 'KI. ULUWATU NO. 904, SURABAYA', '087855166123', 'P', 'pegawai', '319f4d26e3c536b5dd871bb2c52e3178', '2020-04-09 21:09:10', '2020-04-09 21:10:48', 0, 'PEADMIN', 'PEADMIN'),
('PE000049', 'KA000003', 'GALIONO MARPAUNG', 'DK. BAKHITA NO. 263, SURABAYA', '063649739142', 'P', 'pegawai', '319f4d26e3c536b5dd871bb2c52e3178', '2020-04-09 21:09:52', '2020-04-09 21:09:52', 0, 'PEADMIN', 'PEADMIN'),
('PE000050', 'KA000003', 'IBUN GUNARTO', 'JL. TERS. JAKARTA NO. 848, SURABAYA', '080510527755', 'P', 'pegawai', '319f4d26e3c536b5dd871bb2c52e3178', '2020-04-09 21:10:32', '2020-04-09 21:10:32', 0, 'PEADMIN', 'PEADMIN'),
('PE000051', 'KA000004', 'VEGA HIDAYAT', 'GG. SURYO PRANOTO NO. 832, SURABAYA', '03424048243', 'P', 'kasir', '319f4d26e3c536b5dd871bb2c52e3178', '2020-04-09 21:11:26', '2020-04-09 21:11:35', 0, 'PEADMIN', 'PEADMIN'),
('PE000052', 'KA000004', 'JASWADI NATSIR', 'JL. FLORES NO. 934, SURABAYA', '0889263234', 'W', 'kasir', '319f4d26e3c536b5dd871bb2c52e3178', '2020-04-09 21:12:14', '2020-04-09 21:12:14', 0, 'PEADMIN', 'PEADMIN'),
('PE000053', 'KA000004', 'GALANG PRASASTA', 'DS. TERS. BUAH BATU NO. 182, SURABAYA', '092986956427', 'P', 'pegawai', '319f4d26e3c536b5dd871bb2c52e3178', '2020-04-09 21:12:50', '2020-04-09 21:12:50', 0, 'PEADMIN', 'PEADMIN'),
('PE000054', 'KA000004', 'JATMIKO PUTU PRAKASA', 'JR. KALI NO. 205, SURABAYA', '07006624766', 'P', 'pegawai', '319f4d26e3c536b5dd871bb2c52e3178', '2020-04-09 21:13:25', '2020-04-09 21:13:25', 0, 'PEADMIN', 'PEADMIN'),
('PE000055', 'KA000004', 'PRAYOGA HARYANTO', 'GG. ACEH NO. 700, SURABAYA', '0892783652', 'P', 'pegawai', '319f4d26e3c536b5dd871bb2c52e3178', '2020-04-09 21:14:00', '2020-04-09 21:14:00', 0, 'PEADMIN', 'PEADMIN'),
('PE000056', 'KA000005', 'HARTANA HAKIM', 'DS. GADING NO. 114, SURABAYA', '089287342', 'P', 'kasir', '319f4d26e3c536b5dd871bb2c52e3178', '2020-04-09 21:14:31', '2020-04-09 21:14:31', 0, 'PEADMIN', 'PEADMIN'),
('PE000057', 'KA000005', 'DARMANA UTAMA SIHOTANG', 'PSR. DIPATIUKUR NO. 300, SURABAYA', '08923487234', 'W', 'kasir', '319f4d26e3c536b5dd871bb2c52e3178', '2020-04-09 21:14:55', '2020-04-09 21:14:55', 0, 'PEADMIN', 'PEADMIN'),
('PE000058', 'KA000005', 'MAHMUD PUTRA', 'JR. PASIR KOJA NO. 912, SURABAYA', '082797087785', 'P', 'pegawai', '319f4d26e3c536b5dd871bb2c52e3178', '2020-04-09 21:15:23', '2020-04-09 21:15:23', 0, 'PEADMIN', 'PEADMIN'),
('PE000059', 'KA000005', 'DARMAJI MUSTOFA HALIM', 'JLN. TAMAN NO. 56, SURABAYA', '08992347821', 'P', 'pegawai', '319f4d26e3c536b5dd871bb2c52e3178', '2020-04-09 21:15:56', '2020-04-09 21:15:56', 0, 'PEADMIN', 'PEADMIN'),
('PE000060', 'KA000005', 'MITRA RAJATA', 'PSR. ZAMRUD NO. 511, SURABAYA', '08923784211', 'P', 'pegawai', '319f4d26e3c536b5dd871bb2c52e3178', '2020-04-09 21:16:21', '2020-04-09 21:16:36', 0, 'PEADMIN', 'PEADMIN'),
('PE000061', 'KA000012', 'ADIKARA HALIM', 'DK. M.T. HARYONO NO. 805, MALANG', '08488887139', 'P', 'kasir', '319f4d26e3c536b5dd871bb2c52e3178', '2020-04-09 21:17:42', '2020-04-09 21:17:42', 0, 'PEADMIN', 'PEADMIN'),
('PE000062', 'KA000012', 'JATI PRADANA', 'PSR. ACHMAD YANI NO. 965,', '050483216709', 'W', 'kasir', '319f4d26e3c536b5dd871bb2c52e3178', '2020-04-09 21:19:12', '2020-04-09 21:19:12', 0, 'PEADMIN', 'PEADMIN'),
('PE000063', 'KA000012', 'LEMBAH SIMANJUNTAK', 'JR. BAKTI NO. 410, MALANG', '0126932342', 'P', 'pegawai', '319f4d26e3c536b5dd871bb2c52e3178', '2020-04-09 21:20:48', '2020-04-09 21:20:48', 0, 'PEADMIN', 'PEADMIN'),
('PE000064', 'KA000012', 'UMAY NATSIR', 'DS. PERINTIS KEMERDEKAAN NO. 976, MALANG', '08768122342', 'P', 'pegawai', '319f4d26e3c536b5dd871bb2c52e3178', '2020-04-09 21:21:31', '2020-04-09 21:21:31', 0, 'PEADMIN', 'PEADMIN'),
('PE000065', 'KA000012', 'DARYANI KURNIAWAN S.KOM', 'PSR. TAMBUN NO. 603, SURABAYA', '0892348723', 'P', 'pegawai', '319f4d26e3c536b5dd871bb2c52e3178', '2020-04-09 21:22:04', '2020-04-09 21:22:04', 0, 'PEADMIN', 'PEADMIN'),
('PE000066', 'KA000013', 'DWI SAPUTRA', 'DK. SUKAJADI NO. 616,', '0896283452', 'P', 'kasir', '319f4d26e3c536b5dd871bb2c52e3178', '2020-04-09 21:22:25', '2020-04-09 21:22:25', 0, 'PEADMIN', 'PEADMIN'),
('PE000067', 'KA000013', 'JATI BAGAS SIREGAR', 'KPG. MADIUN NO. 225, SURABAYA', '08921783452', 'W', 'kasir', '319f4d26e3c536b5dd871bb2c52e3178', '2020-04-09 21:22:50', '2020-04-09 21:22:50', 0, 'PEADMIN', 'PEADMIN'),
('PE000068', 'KA000013', 'NARJI KURNIAWAN', 'KPG. ACEH NO. 803, MALANG', '08982364212', 'P', 'pegawai', '319f4d26e3c536b5dd871bb2c52e3178', '2020-04-09 21:23:24', '2020-04-09 21:25:36', 0, 'PEADMIN', 'PEADMIN'),
('PE000069', 'KA000013', 'GANDEWA NUGROHO', 'KI. BAIDURI NO. 689, MALANG', '08923842342', 'P', 'pegawai', '319f4d26e3c536b5dd871bb2c52e3178', '2020-04-09 21:23:51', '2020-04-09 21:25:22', 0, 'PEADMIN', 'PEADMIN'),
('PE000070', 'KA000013', 'PRANATA NAINGGOLAN', 'KPG. NANGKA NO. 502, MALANG', '09028734922', 'P', 'pegawai', '319f4d26e3c536b5dd871bb2c52e3178', '2020-04-09 21:24:19', '2020-04-09 21:24:19', 0, 'PEADMIN', 'PEADMIN'),
('PE000071', 'KA000014', 'RAHMAN HERYANTO JANUAR', 'KI. PASIR KOJA NO. 319, MALANG', '08912389623', 'P', 'kasir', '319f4d26e3c536b5dd871bb2c52e3178', '2020-04-09 21:24:45', '2020-04-09 21:30:59', 0, 'PEADMIN', 'PEADMIN'),
('PE000072', 'KA000014', 'DIPA TASWIR RAJASA', 'JR. PADMA NO. 511, MALANG', '08921387234', 'W', 'kasir', '319f4d26e3c536b5dd871bb2c52e3178', '2020-04-09 21:26:16', '2020-04-09 21:26:16', 0, 'PEADMIN', 'PEADMIN'),
('PE000073', 'KA000014', 'CEMPLUNK GILANG SAMOSIR', 'KI. PADANG NO. 835, MALANG', '08912382534', 'P', 'pegawai', '319f4d26e3c536b5dd871bb2c52e3178', '2020-04-09 21:26:53', '2020-04-09 21:26:53', 0, 'PEADMIN', 'PEADMIN'),
('PE000074', 'KA000014', 'VIRMAN EDISON PUTRA', 'GG. SUDIARTO NO. 185, MALANG', '08912386823', 'P', 'pegawai', '319f4d26e3c536b5dd871bb2c52e3178', '2020-04-09 21:27:15', '2020-04-09 21:27:15', 0, 'PEADMIN', 'PEADMIN'),
('PE000075', 'KA000014', 'YOSEF EMAN MANSUR', 'PSR. ACEH NO. 981, MALANG', '09821382434', 'P', 'pegawai', '319f4d26e3c536b5dd871bb2c52e3178', '2020-04-09 21:27:34', '2020-04-09 21:27:41', 0, 'PEADMIN', 'PEADMIN'),
('PE000076', 'KA000015', 'WISNU GADA PRATAMA', 'JR. BATAKO NO. 985, MALANG', '089123786823', 'P', 'kasir', '319f4d26e3c536b5dd871bb2c52e3178', '2020-04-09 21:28:01', '2020-04-09 21:28:01', 0, 'PEADMIN', 'PEADMIN'),
('PE000077', 'KA000015', 'XANANA NABABAN', 'JR. BAYA KALI BUNGUR NO. 835, MALANG', '09123892934', 'W', 'kasir', '319f4d26e3c536b5dd871bb2c52e3178', '2020-04-09 21:29:36', '2020-04-09 21:29:36', 0, 'PEADMIN', 'PEADMIN'),
('PE000078', 'KA000015', 'GAMAN TARIHORAN', 'PSR. PETA NO. 944, SURABAYA', '089172398623', 'P', 'pegawai', '319f4d26e3c536b5dd871bb2c52e3178', '2020-04-09 21:30:35', '2020-04-09 21:31:18', 0, 'PEADMIN', 'PEADMIN'),
('PE000079', 'KA000015', 'MULYA WIDODO', 'DS. COKROAMINOTO NO. 997, MALANG', '08I123976234', 'P', 'pegawai', '319f4d26e3c536b5dd871bb2c52e3178', '2020-04-09 21:32:07', '2020-04-09 21:32:07', 0, 'PEADMIN', 'PEADMIN'),
('PE000080', 'KA000015', 'JAEMAN DANANG HARDIANSYAH', 'KI. BAKAU NO. 499, MALANG', '082617835681', 'P', 'pegawai', '319f4d26e3c536b5dd871bb2c52e3178', '2020-04-09 21:32:27', '2020-04-09 21:32:27', 0, 'PEADMIN', 'PEADMIN'),
('PE000081', 'KA000016', 'ADHIARJA OZY SAPTONO', 'JL. KYAI MOJO NO. 709, MALANG', '082793846234', 'P', 'kasir', '319f4d26e3c536b5dd871bb2c52e3178', '2020-04-09 21:33:03', '2020-04-09 21:33:03', 0, 'PEADMIN', 'PEADMIN'),
('PE000082', 'KA000016', 'RIDWAN SIRAIT', 'GG. PASIRKOJA NO. 69, MALANG', '087273452734', 'W', 'kasir', '319f4d26e3c536b5dd871bb2c52e3178', '2020-04-09 21:33:23', '2020-04-09 21:33:30', 0, 'PEADMIN', 'PEADMIN'),
('PE000083', 'KA000016', 'ILYAS CARAKA SITORUS', 'DK. IKAN NO. 255, SURABAYA', '08912386823', 'P', 'pegawai', '319f4d26e3c536b5dd871bb2c52e3178', '2020-04-09 21:34:57', '2020-04-09 21:34:57', 0, 'PEADMIN', 'PEADMIN'),
('PE000084', 'KA000016', 'DANISWARA SITORUS', 'JR. PACUAN KUDA NO. 707, MALANG', '08190236723', 'P', 'pegawai', '319f4d26e3c536b5dd871bb2c52e3178', '2020-04-09 21:35:17', '2020-04-09 21:35:17', 0, 'PEADMIN', 'PEADMIN'),
('PE000085', 'KA000016', 'RAHMAN JAILANI', 'PSR. CEMARA NO. 750, MALANG', '088235482348', 'P', 'pegawai', '319f4d26e3c536b5dd871bb2c52e3178', '2020-04-09 21:35:41', '2020-04-09 21:36:44', 0, 'PEADMIN', 'PEADMIN'),
('PE000086', 'KA000017', 'CAHYONO RADIKA PERMADI', 'DK. BARANANG SIANG INDAH NO. 778, MALANG', '082638462834', 'P', 'kasir', '319f4d26e3c536b5dd871bb2c52e3178', '2020-04-09 21:36:11', '2020-04-09 21:36:55', 0, 'PEADMIN', 'PEADMIN'),
('PE000087', 'KA000017', 'BAHUWIRYA TARIHORAN', 'DS. ACHMAD NO. 14, SURABAYA', '08283482342', 'W', 'kasir', '319f4d26e3c536b5dd871bb2c52e3178', '2020-04-09 21:37:23', '2020-04-09 21:37:23', 0, 'PEADMIN', 'PEADMIN'),
('PE000088', 'KA000017', 'GAMBIRA XANANA', 'KPG. SUNARYO NO. 219, MALANG', '07926342342', 'P', 'pegawai', '319f4d26e3c536b5dd871bb2c52e3178', '2020-04-09 21:38:01', '2020-04-09 21:38:01', 0, 'PEADMIN', 'PEADMIN'),
('PE000089', 'KA000017', 'ARMANTO TARIHORAN', 'GG. BARAT NO. 6, MALANG', '07829374982', 'P', 'pegawai', '319f4d26e3c536b5dd871bb2c52e3178', '2020-04-09 21:38:27', '2020-04-09 21:38:27', 0, 'PEADMIN', 'PEADMIN'),
('PE000090', 'KA000017', 'LURHUR PRATAMA', 'DS. JUANDA NO. 960,', '078923646232', 'P', 'pegawai', '319f4d26e3c536b5dd871bb2c52e3178', '2020-04-09 21:38:49', '2020-04-09 21:38:49', 0, 'PEADMIN', 'PEADMIN'),
('PEADMIN', 'KA000000', 'ADMIN', 'JL. BRATANG GEDE, SIDOARJO', '081000000000', 'P', 'admin', 'c97b7b16d7fd107a58129e3b9aa7d6cc', '2020-04-04 04:04:04', '2020-04-09 19:48:32', 0, 'PEADMIN', 'PEADMIN');

-- --------------------------------------------------------

--
-- Table structure for table `pengiriman_customers`
--

DROP TABLE IF EXISTS `pengiriman_customers`;
CREATE TABLE `pengiriman_customers` (
  `id` varchar(15) NOT NULL,
  `kurir_customer_id` varchar(8) DEFAULT NULL,
  `total_muatan` decimal(5,1) NOT NULL DEFAULT 0.0,
  `menuju_penerima` tinyint(1) NOT NULL,
  `kantor_id` varchar(8) NOT NULL,
  `created_at` datetime NOT NULL,
  `updated_at` datetime NOT NULL,
  `is_deleted` tinyint(1) NOT NULL DEFAULT 0,
  `user_created` varchar(8) NOT NULL,
  `user_updated` varchar(8) NOT NULL,
  `waktu_berangkat` datetime DEFAULT NULL,
  `waktu_sampai_kantor` datetime DEFAULT NULL
) ENGINE=InnoDB DEFAULT CHARSET=utf8mb4;

-- --------------------------------------------------------

--
-- Table structure for table `resis`
--

DROP TABLE IF EXISTS `resis`;
CREATE TABLE `resis` (
  `id` varchar(15) NOT NULL,
  `harga` decimal(8,0) NOT NULL,
  `verifikasi` tinyint(1) DEFAULT NULL,
  `status_perjalanan` varchar(20) DEFAULT 'PERJALANAN',
  `berat_barang` decimal(5,3) NOT NULL,
  `alamat_asal` varchar(255) NOT NULL,
  `alamat_tujuan` varchar(255) NOT NULL,
  `kota_asal` varchar(255) NOT NULL,
  `kota_tujuan` varchar(255) NOT NULL,
  `nama_pengirim` varchar(255) NOT NULL,
  `nama_penerima` varchar(255) NOT NULL,
  `lebar` decimal(3,0) NOT NULL,
  `panjang` decimal(3,0) NOT NULL,
  `tinggi` decimal(3,0) NOT NULL,
  `no_telp_pengirim` varchar(20) NOT NULL,
  `no_telp_penerima` varchar(20) NOT NULL,
  `keterangan` varchar(255) DEFAULT NULL,
  `is_fragile` tinyint(1) NOT NULL,
  `email_pengirim` varchar(255) NOT NULL,
  `email_penerima` varchar(255) NOT NULL,
  `waktu_berangkat_kurir` datetime DEFAULT NULL,
  `longitude_pengirim` decimal(8,5) DEFAULT NULL,
  `latitude_pengirim` decimal(8,5) DEFAULT NULL,
  `kode_pos_pengirim` int(5) DEFAULT NULL,
  `kode_pos_penerima` int(5) DEFAULT NULL,
  `created_at` datetime NOT NULL,
  `updated_at` datetime NOT NULL,
  `is_deleted` tinyint(1) NOT NULL DEFAULT 0,
  `user_created` varchar(8) NOT NULL,
  `user_updated` varchar(8) NOT NULL
) ENGINE=InnoDB DEFAULT CHARSET=utf8mb4;

-- --------------------------------------------------------

--
-- Table structure for table `sejarahs`
--

DROP TABLE IF EXISTS `sejarahs`;
CREATE TABLE `sejarahs` (
  `id` int(11) NOT NULL,
  `resi_id` varchar(15) NOT NULL,
  `keterangan` varchar(500) DEFAULT NULL,
  `waktu` datetime DEFAULT NULL
) ENGINE=InnoDB DEFAULT CHARSET=utf8mb4;

-- --------------------------------------------------------

--
-- Table structure for table `surat_jalans`
--

DROP TABLE IF EXISTS `surat_jalans`;
CREATE TABLE `surat_jalans` (
  `bon_muat_id` varchar(15) NOT NULL,
  `resi_id` varchar(15) NOT NULL,
  `telah_sampai` tinyint(1) NOT NULL DEFAULT 0,
  `created_at` datetime NOT NULL,
  `updated_at` datetime NOT NULL,
  `is_deleted` tinyint(1) NOT NULL DEFAULT 0,
  `user_created` varchar(8) NOT NULL,
  `user_updated` varchar(8) NOT NULL DEFAULT 'Default',
  `waktu_sampai` datetime DEFAULT NULL
) ENGINE=InnoDB DEFAULT CHARSET=utf8mb4;

--
-- Indexes for dumped tables
--

--
-- Indexes for table `bon_muats`
--
ALTER TABLE `bon_muats`
  ADD PRIMARY KEY (`id`);

--
-- Indexes for table `d_pengiriman_customers`
--
ALTER TABLE `d_pengiriman_customers`
  ADD PRIMARY KEY (`resi_id`,`pengiriman_customer_id`);

--
-- Indexes for table `kantors`
--
ALTER TABLE `kantors`
  ADD PRIMARY KEY (`id`);

--
-- Indexes for table `kendaraans`
--
ALTER TABLE `kendaraans`
  ADD PRIMARY KEY (`id`);

--
-- Indexes for table `kotas`
--
ALTER TABLE `kotas`
  ADD PRIMARY KEY (`nama`);

--
-- Indexes for table `kurir_customers`
--
ALTER TABLE `kurir_customers`
  ADD PRIMARY KEY (`id`);

--
-- Indexes for table `kurir_non_customers`
--
ALTER TABLE `kurir_non_customers`
  ADD PRIMARY KEY (`id`);

--
-- Indexes for table `pegawais`
--
ALTER TABLE `pegawais`
  ADD PRIMARY KEY (`id`);

--
-- Indexes for table `pengiriman_customers`
--
ALTER TABLE `pengiriman_customers`
  ADD PRIMARY KEY (`id`);

--
-- Indexes for table `sejarahs`
--
ALTER TABLE `sejarahs`
  ADD PRIMARY KEY (`id`);

--
-- Indexes for table `surat_jalans`
--
ALTER TABLE `surat_jalans`
  ADD PRIMARY KEY (`bon_muat_id`,`resi_id`);

--
-- AUTO_INCREMENT for dumped tables
--

--
-- AUTO_INCREMENT for table `sejarahs`
--
ALTER TABLE `sejarahs`
  MODIFY `id` int(11) NOT NULL AUTO_INCREMENT;
COMMIT;

/*!40101 SET CHARACTER_SET_CLIENT=@OLD_CHARACTER_SET_CLIENT */;
/*!40101 SET CHARACTER_SET_RESULTS=@OLD_CHARACTER_SET_RESULTS */;
/*!40101 SET COLLATION_CONNECTION=@OLD_COLLATION_CONNECTION */;
